id,attribute_mapping_id,internal_value,provider_value,provider_option_text,created_at,updated_at
79b1629c-d66a-4001-92fe-60bc75de073c,f73f52ad-17f9-4e5f-b171-a12ed832a3ce,Male,gender_001,,"2026-02-15 17:54:59.174 +00:00","2026-02-15 17:54:59.174 +00:00"
8af8056f-68ad-44ca-a269-1ae65b8a73ce,f73f52ad-17f9-4e5f-b171-a12ed832a3ce,Female,gender_002,,"2026-02-15 17:54:59.176 +00:00","2026-02-15 17:54:59.176 +00:00"
d240b2d1-6585-469c-bd47-e10fd810b799,3519b1f5-b104-4e69-96a1-ee267840bb67,Single,marital_status_001,,"2026-02-15 17:54:59.187 +00:00","2026-02-15 17:54:59.187 +00:00"
8aa44c94-b53e-4cda-aab3-77a4cad46372,3519b1f5-b104-4e69-96a1-ee267840bb67,Married,marital_status_002,,"2026-02-15 17:54:59.189 +00:00","2026-02-15 17:54:59.189 +00:00"
ea573f1b-f798-42c1-ac7d-c3ba246302db,3519b1f5-b104-4e69-96a1-ee267840bb67,Divorced,marital_status_003,,"2026-02-15 17:54:59.190 +00:00","2026-02-15 17:54:59.190 +00:00"
2c38e869-f995-4228-8e19-cd8698aa7262,3519b1f5-b104-4e69-96a1-ee267840bb67,Widowed,marital_status_004,,"2026-02-15 17:54:59.191 +00:00","2026-02-15 17:54:59.191 +00:00"
bbc7640f-2edb-4019-be55-22ac407739a3,3519b1f5-b104-4e69-96a1-ee267840bb67,Separated,marital_status_005,,"2026-02-15 17:54:59.192 +00:00","2026-02-15 17:54:59.192 +00:00"
13001125-cc37-41ba-8835-0513bc16d17a,fcc25cdf-cb4a-49b0-b900-f86b95fe674f,"Under $25,000",annual_hhi_002330,,"2026-02-15 17:54:59.195 +00:00","2026-02-15 17:54:59.195 +00:00"
f0889109-7a99-4434-9ad3-c870835df7a0,fcc25cdf-cb4a-49b0-b900-f86b95fe674f,"$25,000 - $49,999",annual_hhi_002334,,"2026-02-15 17:54:59.196 +00:00","2026-02-15 17:54:59.196 +00:00"
ffc468c7-f9ca-420f-a65d-9338495f829e,fcc25cdf-cb4a-49b0-b900-f86b95fe674f,"$50,000 - $74,999",annual_hhi_002338,,"2026-02-15 17:54:59.197 +00:00","2026-02-15 17:54:59.197 +00:00"
eebc4491-e054-4ff8-95bd-94ded0869841,fcc25cdf-cb4a-49b0-b900-f86b95fe674f,"$75,000 - $99,999",annual_hhi_002343,,"2026-02-15 17:54:59.199 +00:00","2026-02-15 17:54:59.199 +00:00"
b7bed449-93f9-4c8d-b17b-e00fbb659222,fcc25cdf-cb4a-49b0-b900-f86b95fe674f,"$100,000 - $149,999",annual_hhi_002348,,"2026-02-15 17:54:59.200 +00:00","2026-02-15 17:54:59.200 +00:00"
8c78399c-ad67-4d03-a545-394769de62d8,fcc25cdf-cb4a-49b0-b900-f86b95fe674f,"$150,000+",annual_hhi_002353,,"2026-02-15 17:54:59.201 +00:00","2026-02-15 17:54:59.201 +00:00"
db1fdc5b-623b-41aa-8d01-0a0e1ebde3b2,d0947c73-26f2-4519-946c-6c9eca8ee7ec,Yes,mobilephone_user_00833,,"2026-02-15 17:54:59.203 +00:00","2026-02-15 17:54:59.203 +00:00"
50985ee3-6fdb-4f34-81f8-d18dd2626989,d0947c73-26f2-4519-946c-6c9eca8ee7ec,No,mobilephone_user_00834,,"2026-02-15 17:54:59.204 +00:00","2026-02-15 17:54:59.204 +00:00"
9e8549fb-c02a-4203-b72b-a78831a263bb,dd777353-f105-472d-98ee-baeaaa9666e0,"Smart Phone",cell_type_003287,,"2026-02-15 17:54:59.206 +00:00","2026-02-15 17:54:59.206 +00:00"
1090bc78-90df-4128-b03a-9a8e7d2962de,5f5fe679-ef8d-4c1d-a7bb-3ae20ff2f392,Male,1,,"2026-02-15 17:54:59.208 +00:00","2026-02-15 17:54:59.208 +00:00"
a2b6643b-65f7-4a34-9569-d40a55152909,5f5fe679-ef8d-4c1d-a7bb-3ae20ff2f392,Female,2,,"2026-02-15 17:54:59.209 +00:00","2026-02-15 17:54:59.209 +00:00"
c27a7597-042c-405c-9d41-6dc6caf5e84b,6da26f7b-a048-4975-82e3-aba7e02042a1,No,3,,"2026-02-15 17:54:59.214 +00:00","2026-02-15 17:54:59.214 +00:00"
b4721e3b-7ead-4aa0-b226-30340de8a29d,6da26f7b-a048-4975-82e3-aba7e02042a1,Yes,4,,"2026-02-15 17:54:59.215 +00:00","2026-02-15 17:54:59.215 +00:00"
78b5780f-b0ca-4615-829e-2983c2713c19,7fbfa5c5-7a30-4150-9fe0-d20ab0191fe7,White,18,,"2026-02-15 17:54:59.217 +00:00","2026-02-15 17:54:59.217 +00:00"
c0a35aa8-ade5-464b-86f8-4d83ee08d742,7fbfa5c5-7a30-4150-9fe0-d20ab0191fe7,"Black/African American",19,,"2026-02-15 17:54:59.218 +00:00","2026-02-15 17:54:59.218 +00:00"
81869dc9-f5ea-43ba-ad81-07f94fcceea5,7fbfa5c5-7a30-4150-9fe0-d20ab0191fe7,Asian,21,,"2026-02-15 17:54:59.218 +00:00","2026-02-15 17:54:59.218 +00:00"
03abf240-1b12-4f84-84e0-d8c78c5b3b25,c82d5618-e7ac-4b34-8479-78f14779b968,Single,3338,single,"2026-02-17 05:48:49.202 +00:00","2026-02-17 05:50:53.181 +00:00"
b07a1be9-7db2-4832-9937-e253fdfcec19,c82d5618-e7ac-4b34-8479-78f14779b968,Married,3341,"married ","2026-02-17 05:50:54.369 +00:00","2026-02-17 05:50:54.369 +00:00"
462e13f5-7ed8-4f0f-bad4-d63959265147,c82d5618-e7ac-4b34-8479-78f14779b968,Divorced,3342,"divorced ","2026-02-17 05:50:55.277 +00:00","2026-02-17 05:50:55.277 +00:00"
3f03c044-a7e6-45ff-8013-2329cb2e0509,c82d5618-e7ac-4b34-8479-78f14779b968,Other,3339,"engaged and other","2026-02-17 05:50:58.177 +00:00","2026-02-17 05:50:58.177 +00:00"
342637a1-0411-4dfe-b104-af00fe012673,c82d5618-e7ac-4b34-8479-78f14779b968,Widowed,3342,widowed,"2026-02-17 05:56:12.219 +00:00","2026-02-17 05:56:12.219 +00:00"
73530e96-6add-462a-bb7a-26e53babb0bf,c82d5618-e7ac-4b34-8479-78f14779b968,Separated,3342,separated,"2026-02-17 05:56:15.911 +00:00","2026-02-17 05:56:15.911 +00:00"
e3d5f4f6-e253-4492-8c29-e25a2d217792,f31719be-19b6-4a44-b668-57988ded4691,"United States",405258,"","2026-02-17 06:16:09.078 +00:00","2026-02-17 06:16:09.078 +00:00"
18cd0158-0fca-4eac-9657-ea40ba7590f3,f31719be-19b6-4a44-b668-57988ded4691,"United Kingdom",385416,"","2026-02-17 06:16:10.914 +00:00","2026-02-17 06:16:10.914 +00:00"
bf3c6251-8cd7-4db4-a0d7-254a99c0edc0,f31719be-19b6-4a44-b668-57988ded4691,Canada,405050,"","2026-02-17 06:16:13.732 +00:00","2026-02-17 06:16:13.732 +00:00"
1f78f46e-bd0e-4b57-91bf-4a8db2391de9,f31719be-19b6-4a44-b668-57988ded4691,Australia,405044,"","2026-02-17 06:16:16.062 +00:00","2026-02-17 06:16:16.062 +00:00"
5035de5a-6e08-4eae-b1be-1172d9ae6081,f31719be-19b6-4a44-b668-57988ded4691,Germany,405095,"","2026-02-17 06:16:17.331 +00:00","2026-02-17 06:16:17.331 +00:00"
6e076bb3-b367-4e7e-824d-adc3f2ebf0bd,f31719be-19b6-4a44-b668-57988ded4691,France,405086,"","2026-02-17 06:16:18.646 +00:00","2026-02-17 06:16:18.646 +00:00"
4fe2df4c-7616-48cd-bed7-92e7097d4bb2,f31719be-19b6-4a44-b668-57988ded4691,India,405140,"","2026-02-17 06:16:20.243 +00:00","2026-02-17 06:16:20.243 +00:00"
51f58c86-db08-4cbe-ad49-b45528a40d15,f31719be-19b6-4a44-b668-57988ded4691,Japan,413315,"","2026-02-17 06:16:21.527 +00:00","2026-02-17 06:16:21.527 +00:00"
ca22757c-4962-45f2-a29d-0e4d9c3989a7,f31719be-19b6-4a44-b668-57988ded4691,Brazil,405058,"","2026-02-17 06:16:23.394 +00:00","2026-02-17 06:16:23.394 +00:00"
1ae760b9-f45f-4cc7-849b-c6b7b87cadfd,f31719be-19b6-4a44-b668-57988ded4691,Mexico,405167,"","2026-02-17 06:16:24.636 +00:00","2026-02-17 06:16:24.636 +00:00"
274f7739-d250-4cbb-aa43-313a08e00de0,f31719be-19b6-4a44-b668-57988ded4691,"South Africa",405212,"","2026-02-17 06:16:25.875 +00:00","2026-02-17 06:16:25.875 +00:00"
7b6c23cb-e62e-49b1-8924-9b71fa41f2b0,f31719be-19b6-4a44-b668-57988ded4691,China,405078,"","2026-02-17 06:16:27.079 +00:00","2026-02-17 06:16:27.079 +00:00"
79e368e7-bcb6-4e3e-aa6c-cd126b360517,a534c2fb-d274-47ac-a717-a0a7e61652e9,"Employed Full-time",73,"","2026-02-17 07:03:01.752 +00:00","2026-02-17 07:03:01.752 +00:00"
75c232a8-5139-410e-9a55-7c92f5104f01,a534c2fb-d274-47ac-a717-a0a7e61652e9,"Employed Part-time",74,"","2026-02-17 07:03:02.867 +00:00","2026-02-17 07:03:02.867 +00:00"
b0b83770-c66f-4338-abc0-d3235ae48516,a534c2fb-d274-47ac-a717-a0a7e61652e9,Self-employed,75,"","2026-02-17 07:03:03.884 +00:00","2026-02-17 07:03:03.884 +00:00"
b720f1ff-7806-45de-84c6-afaa218c9c63,a534c2fb-d274-47ac-a717-a0a7e61652e9,Unemployed,79,"","2026-02-17 07:03:04.818 +00:00","2026-02-17 07:03:04.818 +00:00"
8f7823ca-2bdd-4dbe-9a0b-a8042291a0b3,a534c2fb-d274-47ac-a717-a0a7e61652e9,Retired,81,"","2026-02-17 07:03:05.671 +00:00","2026-02-17 07:03:05.671 +00:00"
3a20fd22-e856-45e4-93b2-bf5cf898393e,a534c2fb-d274-47ac-a717-a0a7e61652e9,Other,78,"","2026-02-17 07:03:06.585 +00:00","2026-02-17 07:03:06.585 +00:00"
9e83fe85-3e78-4c17-b389-0325d38805b9,a534c2fb-d274-47ac-a717-a0a7e61652e9,Student,82,"","2026-02-17 07:03:31.190 +00:00","2026-02-17 07:03:31.190 +00:00"
ab0b720c-faec-423c-b70b-15a3f7248d77,116ff513-4205-4f77-b9a2-9518c31994cf,Non-Parents,500313,"","2026-02-17 20:52:22.434 +00:00","2026-02-17 20:52:22.434 +00:00"
32fab924-8031-4f80-867d-0e7ba738c7ae,116ff513-4205-4f77-b9a2-9518c31994cf,"Female teen age 18",477920,"","2026-02-17 20:52:32.727 +00:00","2026-02-17 20:52:32.727 +00:00"
6d95bcce-3ba2-4249-8207-3546e7213659,116ff513-4205-4f77-b9a2-9518c31994cf,"Male teen age 18",477919,"","2026-02-17 20:52:51.061 +00:00","2026-02-17 20:52:51.061 +00:00"
76e4f0a5-254d-4c82-89d9-84fbb86b4825,116ff513-4205-4f77-b9a2-9518c31994cf,"None of the above",96,"","2026-02-17 20:53:24.845 +00:00","2026-02-17 20:53:24.845 +00:00"
cdaa0c16-46f7-4de8-b9ef-15dd21fd5086,116ff513-4205-4f77-b9a2-9518c31994cf,"Boy under age 1",97,"","2026-02-17 20:53:25.942 +00:00","2026-02-17 20:53:25.942 +00:00"
d411516b-e523-4062-bef5-8dbf8ec1c074,116ff513-4205-4f77-b9a2-9518c31994cf,"Girl under age 1",98,"","2026-02-17 20:53:27.660 +00:00","2026-02-17 20:53:27.660 +00:00"
cb4bb544-ff56-4682-b254-5664ea6d350c,116ff513-4205-4f77-b9a2-9518c31994cf,"Boy age 1",99,"","2026-02-17 20:53:32.276 +00:00","2026-02-17 20:53:32.276 +00:00"
15916c38-5b07-44be-9d74-c6868c542d00,116ff513-4205-4f77-b9a2-9518c31994cf,"Girl age 1",100,"","2026-02-17 20:53:32.993 +00:00","2026-02-17 20:53:32.993 +00:00"
0ac259d2-cd4f-410d-b887-2e1dfc9422ea,116ff513-4205-4f77-b9a2-9518c31994cf,"Girl age 3",104,"","2026-02-17 20:54:03.828 +00:00","2026-02-17 20:54:03.828 +00:00"
5e7dda35-19a4-49df-b0e8-5089de4c54d3,116ff513-4205-4f77-b9a2-9518c31994cf,"Boy age 3",103,"","2026-02-17 20:54:04.726 +00:00","2026-02-17 20:54:04.726 +00:00"
c774bf01-2333-40a7-9fdf-3e3ec8742eba,116ff513-4205-4f77-b9a2-9518c31994cf,"Girl age 2",102,"","2026-02-17 20:54:05.490 +00:00","2026-02-17 20:54:05.490 +00:00"
e6c1cd13-04c0-4150-9216-aa4f44ad666c,116ff513-4205-4f77-b9a2-9518c31994cf,"Boy age 2",101,"","2026-02-17 20:54:06.594 +00:00","2026-02-17 20:54:06.594 +00:00"
88952f37-2be0-41b7-a910-fbc56fef802a,116ff513-4205-4f77-b9a2-9518c31994cf,"Boy age 4",105,"","2026-02-17 20:54:20.608 +00:00","2026-02-17 20:54:20.608 +00:00"
b9ecdbb4-65af-4019-8a11-ddf7ad1255b2,116ff513-4205-4f77-b9a2-9518c31994cf,"Girl age 4",106,"","2026-02-17 20:54:21.473 +00:00","2026-02-17 20:54:21.473 +00:00"
a4f24e4b-7054-48eb-aaf1-5ffb1310077d,116ff513-4205-4f77-b9a2-9518c31994cf,"Boy age 5",107,"","2026-02-17 20:54:33.760 +00:00","2026-02-17 20:54:33.760 +00:00"
4c8250a5-1019-4fcd-a048-b565293a8d69,116ff513-4205-4f77-b9a2-9518c31994cf,"Boy age 6",109,"","2026-02-17 20:54:48.260 +00:00","2026-02-17 20:54:48.260 +00:00"
1541210a-85e3-4906-8a05-b2f6cd247a5c,116ff513-4205-4f77-b9a2-9518c31994cf,"Girl age 5",108,"","2026-02-17 20:54:49.111 +00:00","2026-02-17 20:54:49.111 +00:00"
1bb6598c-1668-4f78-9c00-9ac8c2dbccb8,116ff513-4205-4f77-b9a2-9518c31994cf,"Female teen age 17",132,"","2026-02-17 20:55:44.558 +00:00","2026-02-17 20:55:44.558 +00:00"
ab1881bf-2e92-4bae-8bd1-d6c4057dcb4f,116ff513-4205-4f77-b9a2-9518c31994cf,"Male teen age 17",131,"","2026-02-17 20:55:46.024 +00:00","2026-02-17 20:55:46.024 +00:00"
ac716f16-ab49-4d46-8eec-1cee1cd4393a,116ff513-4205-4f77-b9a2-9518c31994cf,"Female teen age 16",130,"","2026-02-17 20:55:47.009 +00:00","2026-02-17 20:55:47.009 +00:00"
98feeb17-77d3-4e33-969e-a127ef1648f4,116ff513-4205-4f77-b9a2-9518c31994cf,"Male teen age 16",129,"","2026-02-17 20:55:47.926 +00:00","2026-02-17 20:55:47.926 +00:00"
e1e5ef1c-0a76-468d-87fd-241119f8f18f,116ff513-4205-4f77-b9a2-9518c31994cf,"Female teen age 15",128,"","2026-02-17 20:55:48.857 +00:00","2026-02-17 20:55:48.857 +00:00"
5064eef2-de9d-404b-b160-ff400a612e26,116ff513-4205-4f77-b9a2-9518c31994cf,"Male teen age 15",127,"","2026-02-17 20:55:50.028 +00:00","2026-02-17 20:55:50.028 +00:00"
4693f641-9fa8-4d01-b186-82200e92f9f2,116ff513-4205-4f77-b9a2-9518c31994cf,"Female teen age 14",126,"","2026-02-17 20:55:51.120 +00:00","2026-02-17 20:55:51.120 +00:00"
08524732-28b7-4041-9153-658232bb6b21,116ff513-4205-4f77-b9a2-9518c31994cf,"Male teen age 14",125,"","2026-02-17 20:55:52.208 +00:00","2026-02-17 20:55:52.208 +00:00"
0aede2c6-fcf8-4f9f-94c7-570e9f12076d,116ff513-4205-4f77-b9a2-9518c31994cf,"Female teen age 13",124,"","2026-02-17 20:55:53.441 +00:00","2026-02-17 20:55:53.441 +00:00"
183f8029-7e12-42aa-89ef-7fe6701df90c,116ff513-4205-4f77-b9a2-9518c31994cf,"Male teen age 13",123,"","2026-02-17 20:55:54.723 +00:00","2026-02-17 20:55:54.723 +00:00"
c5e2a24d-50f1-4b8f-af81-fc1e07c7a1a3,116ff513-4205-4f77-b9a2-9518c31994cf,"Girl age 12",122,"","2026-02-17 20:55:56.525 +00:00","2026-02-17 20:55:56.525 +00:00"
636ea9a9-d9fd-4743-ba04-68f02812ee31,116ff513-4205-4f77-b9a2-9518c31994cf,"Boy age 12",121,"","2026-02-17 20:55:57.640 +00:00","2026-02-17 20:55:57.640 +00:00"
654de9ba-d225-40cf-bee6-7162c9ac8ed6,116ff513-4205-4f77-b9a2-9518c31994cf,"Girl age 11",120,"","2026-02-17 20:55:59.039 +00:00","2026-02-17 20:55:59.039 +00:00"
d988b39e-29b6-43b9-9e13-ba9fbcd454ba,116ff513-4205-4f77-b9a2-9518c31994cf,"Boy age 11",119,"","2026-02-17 20:56:00.424 +00:00","2026-02-17 20:56:00.424 +00:00"
b107c8ab-5d5f-4647-9907-670fd2293071,116ff513-4205-4f77-b9a2-9518c31994cf,"Boy age 9",115,"","2026-02-17 20:56:08.442 +00:00","2026-02-17 20:56:08.442 +00:00"
99e2556b-c5b8-4e82-9db2-813e667a68a4,116ff513-4205-4f77-b9a2-9518c31994cf,"Girl age 9",116,"","2026-02-17 20:56:09.159 +00:00","2026-02-17 20:56:09.159 +00:00"
75bb5cc3-1170-4553-8c41-83e5160a51c5,116ff513-4205-4f77-b9a2-9518c31994cf,"Boy age 10",117,"","2026-02-17 20:56:10.086 +00:00","2026-02-17 20:56:10.086 +00:00"
7d6400bc-dcdb-405d-a1a0-ea8e8efc698b,116ff513-4205-4f77-b9a2-9518c31994cf,"Girl age 10",118,"","2026-02-17 20:56:10.889 +00:00","2026-02-17 20:56:10.889 +00:00"
4e75f843-f863-40ea-ab68-565929f6bf05,116ff513-4205-4f77-b9a2-9518c31994cf,"Girl age 6",110,"","2026-02-17 20:56:18.862 +00:00","2026-02-17 20:56:18.862 +00:00"
d6d7555b-7819-4215-9abd-b0a015fcc089,116ff513-4205-4f77-b9a2-9518c31994cf,"Boy age 7",111,"","2026-02-17 20:56:20.019 +00:00","2026-02-17 20:56:20.019 +00:00"
3490742a-6c15-4225-83f7-8f42ee5fdbb0,116ff513-4205-4f77-b9a2-9518c31994cf,"Girl age 7",112,"","2026-02-17 20:56:20.655 +00:00","2026-02-17 20:56:20.655 +00:00"
d628bebc-2b00-4171-8c9c-e57f44dd43e4,116ff513-4205-4f77-b9a2-9518c31994cf,"Boy age 8",113,"","2026-02-17 20:56:21.957 +00:00","2026-02-17 20:56:21.957 +00:00"
9de6ef92-7123-4ecf-81d0-ba0dd51ee440,116ff513-4205-4f77-b9a2-9518c31994cf,"Girl age 8",114,"","2026-02-17 20:56:22.782 +00:00","2026-02-17 20:56:22.782 +00:00"
1c42a776-31e2-4e18-8571-20bd1104b042,2390c570-5e3a-4dac-9805-a65215ed224c,"Prefer not to say",1622432,"","2026-02-17 20:58:57.924 +00:00","2026-02-17 20:58:57.924 +00:00"
c8744d0e-101b-4911-8af0-becb4fdfade9,2390c570-5e3a-4dac-9805-a65215ed224c,Other,1622431,"","2026-02-17 20:58:58.641 +00:00","2026-02-17 20:58:58.641 +00:00"
00fb9aee-2412-4c48-8bd8-0dc6c50f19bb,2390c570-5e3a-4dac-9805-a65215ed224c,"Unskilled worker (cashier, grocery clerk, cleaner etc.)",1622430,"","2026-02-17 20:58:59.439 +00:00","2026-02-17 20:58:59.439 +00:00"
94ec3123-1b7e-47f3-ad26-059fe13ad833,2390c570-5e3a-4dac-9805-a65215ed224c,"Semi-skilled worker (taxi driver, sales, bartender, waiter etc.)",1622429,"","2026-02-17 20:59:00.176 +00:00","2026-02-17 20:59:00.176 +00:00"
eefae2e7-765f-4773-9b11-520359a4081c,2390c570-5e3a-4dac-9805-a65215ed224c,"Skilled worker (doctor, nurse, engineer, lawyer, electrician, teacher, analyst etc.)",1622428,"","2026-02-17 20:59:01.307 +00:00","2026-02-17 20:59:01.307 +00:00"
c1542e0e-4a7d-45cc-8ad3-76139a1a744f,2390c570-5e3a-4dac-9805-a65215ed224c,"None of the above",95,"","2026-02-17 20:59:02.236 +00:00","2026-02-17 20:59:02.236 +00:00"
844387c0-adf4-4f61-8e05-7d21c5414557,2390c570-5e3a-4dac-9805-a65215ed224c,Volunteer,94,"","2026-02-17 20:59:03.321 +00:00","2026-02-17 20:59:03.321 +00:00"
ae9fc9c1-8815-4426-ab3d-f8f0b5d5901f,2390c570-5e3a-4dac-9805-a65215ed224c,Intern,93,"","2026-02-17 20:59:04.414 +00:00","2026-02-17 20:59:04.414 +00:00"
21b64772-e26c-4381-8346-4f8a9b08860e,2390c570-5e3a-4dac-9805-a65215ed224c,Consultant,92,"","2026-02-17 20:59:05.395 +00:00","2026-02-17 20:59:05.395 +00:00"
eeaa5f1c-9c57-4fac-a77b-c48b557cd921,2390c570-5e3a-4dac-9805-a65215ed224c,"Administrative (Clerical or Support Staff)",91,"","2026-02-17 20:59:06.461 +00:00","2026-02-17 20:59:06.461 +00:00"
48d7084a-b136-4fc0-b1c8-a4c57c49ed6e,2390c570-5e3a-4dac-9805-a65215ed224c,"Assistant or Associate",90,"","2026-02-17 20:59:07.565 +00:00","2026-02-17 20:59:07.565 +00:00"
a278239a-c45a-464d-8340-43043bc0c029,2390c570-5e3a-4dac-9805-a65215ed224c,Analyst,89,"","2026-02-17 20:59:17.299 +00:00","2026-02-17 20:59:17.299 +00:00"
6e4a7fe0-474d-4b62-a759-a9dd9c0986b5,2390c570-5e3a-4dac-9805-a65215ed224c,"Manager (Group Manager, Sr. Manager, Manager, Program Manager)",88,"","2026-02-17 20:59:18.435 +00:00","2026-02-17 20:59:18.435 +00:00"
8e5e429d-c771-4027-84e2-83d2b03dfabe,2390c570-5e3a-4dac-9805-a65215ed224c,"Director (Group Director, Sr. Director, Director)",87,"","2026-02-17 20:59:19.454 +00:00","2026-02-17 20:59:19.454 +00:00"
ee3eec74-f56e-46af-8a12-df07d834193c,2390c570-5e3a-4dac-9805-a65215ed224c,"Vice President (EVP, SVP, AVP, VP)",86,"","2026-02-17 20:59:20.690 +00:00","2026-02-17 20:59:20.690 +00:00"
dea29c92-84e4-4373-a887-377bbbba243a,2390c570-5e3a-4dac-9805-a65215ed224c,"C-Level (e.g. CEO, CFO), Owner, Partner, President",85,"","2026-02-17 20:59:21.500 +00:00","2026-02-17 20:59:21.500 +00:00"
a7d435c0-9705-4092-8e98-b347651277c7,7ce33e02-c802-4e6a-8c9e-7686467c9509,"No high school",376550,"","2026-02-17 21:02:09.146 +00:00","2026-02-17 21:02:09.146 +00:00"
ce746762-93c6-41eb-8bd9-0ac731e6d3d6,7ce33e02-c802-4e6a-8c9e-7686467c9509,"High school degree",376543,"","2026-02-17 21:02:09.879 +00:00","2026-02-17 21:02:09.879 +00:00"
c0d15ec9-d47c-47a9-b082-44908779027a,7ce33e02-c802-4e6a-8c9e-7686467c9509,"Some college",376547,"","2026-02-17 21:02:10.677 +00:00","2026-02-17 21:02:10.677 +00:00"
e35402fc-afd7-4016-b0c0-2f687f706a09,7ce33e02-c802-4e6a-8c9e-7686467c9509,"Associate degree",376551,"","2026-02-17 21:02:11.541 +00:00","2026-02-17 21:02:11.541 +00:00"
4df7a18d-cca2-49d4-9ffa-7969dc4963ba,7ce33e02-c802-4e6a-8c9e-7686467c9509,"Bachelor's degree",376544,"","2026-02-17 21:02:12.639 +00:00","2026-02-17 21:02:12.639 +00:00"
0272c0a5-9082-4dd9-9a7e-1c72fb78ac76,7ce33e02-c802-4e6a-8c9e-7686467c9509,"Master's degree",376549,"","2026-02-17 21:02:13.449 +00:00","2026-02-17 21:02:13.449 +00:00"
22c23359-8893-4bba-b6f7-7a66dd81caf3,7ce33e02-c802-4e6a-8c9e-7686467c9509,"Professional degree",376549,"","2026-02-17 21:02:19.827 +00:00","2026-02-17 21:02:19.827 +00:00"
fa2f2235-8c05-46c3-b61e-6a9c7ca1348e,7ce33e02-c802-4e6a-8c9e-7686467c9509,"Doctorate degree",376546,"","2026-02-17 21:02:20.690 +00:00","2026-02-17 21:02:20.690 +00:00"
e428e6a3-54fb-4c15-ac1b-ff2f18f639bc,6da24533-44cf-41a0-897d-80563b135e7b,"Under $25,000",38,"","2026-02-17 21:03:40.161 +00:00","2026-02-17 21:03:40.161 +00:00"
09050065-2881-496b-954d-ec16ce7f1c26,6da24533-44cf-41a0-897d-80563b135e7b,"$25,000 - $49,999",39,"","2026-02-17 21:03:41.470 +00:00","2026-02-17 21:03:41.470 +00:00"
f836c3b5-9695-4e04-a663-78c111985949,6da24533-44cf-41a0-897d-80563b135e7b,"$50,000 - $74,999",45,"","2026-02-17 21:03:42.577 +00:00","2026-02-17 21:03:42.577 +00:00"
a285ea69-7b71-4817-b4b0-bb55a91a89eb,6da24533-44cf-41a0-897d-80563b135e7b,"$75,000 - $99,999",52,"","2026-02-17 21:03:43.414 +00:00","2026-02-17 21:03:43.414 +00:00"
a9b82baa-6c65-4786-8023-d729b8dfe3e7,6da24533-44cf-41a0-897d-80563b135e7b,"$100,000 - $149,999",59,"","2026-02-17 21:03:44.224 +00:00","2026-02-17 21:03:44.224 +00:00"
5e14effd-127e-4d3f-85a3-639d8d40bb23,6da24533-44cf-41a0-897d-80563b135e7b,"$150,000+",66,"","2026-02-17 21:03:45.141 +00:00","2026-02-17 21:03:45.141 +00:00"
f91d9c6e-ca0d-481b-9969-bbe0d056538f,4a57c01e-1855-4da7-84a7-f70da47c1809,"C-Level (e.g. CEO, CFO), Owner, Partner, President",job_title_001946,"","2026-02-18 07:35:35.980 +00:00","2026-02-18 07:35:35.980 +00:00"
aab38865-a130-49b3-b943-8140cb55c0fc,4a57c01e-1855-4da7-84a7-f70da47c1809,"Vice President (EVP, SVP, AVP, VP)",job_title_001947,"","2026-02-18 07:35:46.732 +00:00","2026-02-18 07:35:46.732 +00:00"
e11b8cc3-7f5a-4c51-98af-94873d02db71,4a57c01e-1855-4da7-84a7-f70da47c1809,"Director (Group Director, Sr. Director, Director)",job_title_001948,"","2026-02-18 07:35:58.215 +00:00","2026-02-18 07:35:58.215 +00:00"
41344a9a-b1b0-41dc-8575-2675ddf697d6,4a57c01e-1855-4da7-84a7-f70da47c1809,Analyst,job_title_001950,"","2026-02-18 07:36:20.592 +00:00","2026-02-18 07:36:20.592 +00:00"
79afbd50-79dd-4d15-b597-0e23af6f3e35,4a57c01e-1855-4da7-84a7-f70da47c1809,"Assistant or Associate",job_title_001951,"","2026-02-18 07:36:42.805 +00:00","2026-02-18 07:36:42.805 +00:00"
974b9bee-7896-4151-941a-3463260f1fae,4a57c01e-1855-4da7-84a7-f70da47c1809,"Administrative (Clerical or Support Staff)",job_title_001952,"","2026-02-18 07:36:44.504 +00:00","2026-02-18 07:36:44.504 +00:00"
601fa072-5950-4332-8a4b-10042ecc52c9,4a57c01e-1855-4da7-84a7-f70da47c1809,Consultant,job_title_001953,"","2026-02-18 07:36:46.103 +00:00","2026-02-18 07:36:46.103 +00:00"
1f8d8e7a-cd88-4c03-9188-e222da65df5a,4a57c01e-1855-4da7-84a7-f70da47c1809,Intern,job_title_001954,"","2026-02-18 07:36:46.795 +00:00","2026-02-18 07:36:46.795 +00:00"
fb64b370-da94-4ff4-9072-039bf1850420,4a57c01e-1855-4da7-84a7-f70da47c1809,Volunteer,job_title_001955,"","2026-02-18 07:37:14.038 +00:00","2026-02-18 07:37:14.038 +00:00"
734d8a6c-89b7-4209-8e9c-c7ee24a6b47f,4a57c01e-1855-4da7-84a7-f70da47c1809,"None of the above",job_title_001956,"","2026-02-18 07:37:25.138 +00:00","2026-02-18 07:37:25.138 +00:00"
f912bdc0-d036-4aa1-a2eb-aa072d7e9c37,4a57c01e-1855-4da7-84a7-f70da47c1809,"Skilled worker (doctor, nurse, engineer, lawyer, electrician, teacher, analyst etc.)",job_title_004567,"","2026-02-18 07:38:15.874 +00:00","2026-02-18 07:38:15.874 +00:00"
d2f6ebe8-8fea-4a85-95ac-879ea043eb48,4a57c01e-1855-4da7-84a7-f70da47c1809,"Semi-skilled worker (taxi driver, sales, bartender, waiter etc.)",job_title_004564,"","2026-02-18 07:38:47.704 +00:00","2026-02-18 07:38:47.704 +00:00"
d9ea8060-ae99-429e-9e8b-d7dd8855188a,4a57c01e-1855-4da7-84a7-f70da47c1809,Other,job_title_004718,"","2026-02-18 07:39:22.704 +00:00","2026-02-18 07:39:22.704 +00:00"
46abe1ad-4560-44c0-8c6d-1d5dd4977b2e,4a57c01e-1855-4da7-84a7-f70da47c1809,"Unskilled worker (cashier, grocery clerk, cleaner etc.)",job_title_004646,"","2026-02-18 07:39:49.253 +00:00","2026-02-18 07:39:49.253 +00:00"
2127d0ca-de2a-4390-af6a-4945128a2fa4,4a57c01e-1855-4da7-84a7-f70da47c1809,"Prefer not to say",job_title_004609,"","2026-02-18 07:40:23.572 +00:00","2026-02-18 07:40:23.572 +00:00"
3653f189-9239-47ec-afb1-c6601864bd47,f16aeae4-f3df-414b-a559-d02af78ffb2c,White,ethnic_identity_2_003731,"","2026-02-18 08:02:57.061 +00:00","2026-02-18 08:02:57.061 +00:00"
00915efa-79fc-4034-91c0-1e290027008b,f16aeae4-f3df-414b-a559-d02af78ffb2c,"Black/African American",ethnic_identity_2_003720,"","2026-02-18 08:03:03.124 +00:00","2026-02-18 08:03:03.124 +00:00"
84568f50-eb1f-4b9e-a61e-7448fedba999,f16aeae4-f3df-414b-a559-d02af78ffb2c,Asian,ethnic_identity_2_003721,"","2026-02-18 08:03:04.057 +00:00","2026-02-18 08:03:04.057 +00:00"
337db876-0159-44cd-a33e-6aea1d3fbb08,f16aeae4-f3df-414b-a559-d02af78ffb2c,"Native Hawaiian/Pacific Islander",ethnic_identity_2_003728,"","2026-02-18 08:03:04.964 +00:00","2026-02-18 08:03:04.964 +00:00"
b7218153-4e43-43b4-8018-7d863bbff38b,f16aeae4-f3df-414b-a559-d02af78ffb2c,"American Indian/Alaska Native",ethnic_identity_2_004754,"","2026-02-18 08:03:05.678 +00:00","2026-02-18 08:03:05.678 +00:00"
3d87d769-273f-4542-909d-9180f6a0a8a0,f16aeae4-f3df-414b-a559-d02af78ffb2c,Other,ethnic_identity_2_003727,"","2026-02-18 08:03:06.426 +00:00","2026-02-18 08:03:06.426 +00:00"
37b45e73-5d42-4cb3-aebb-2deebdfb6cf6,f16aeae4-f3df-414b-a559-d02af78ffb2c,"Prefer not to answer",ethnic_identity_2_003729,"","2026-02-18 08:03:07.071 +00:00","2026-02-18 08:03:07.071 +00:00"
719256b4-0969-407d-b197-c56e01c76ae4,e7be29df-97e6-4b98-8109-21a3070f575e,"Prefer not to answer",ethnicity_004665,"","2026-02-18 08:04:29.278 +00:00","2026-02-18 08:04:29.278 +00:00"
add87ecb-37e9-4813-bc4f-0161d3be102b,e7be29df-97e6-4b98-8109-21a3070f575e,Yes,ethnicity_0016,"","2026-02-18 08:04:41.132 +00:00","2026-02-18 08:04:41.132 +00:00"
a7883ce9-af99-4aa4-8bc4-1f4d37eb12ec,84dd7b1f-74e4-4d81-9a98-c10f5edaa210,Student,employment_status_001357,"","2026-02-18 08:09:12.833 +00:00","2026-02-18 08:09:12.833 +00:00"
63cb6fcc-87de-4c93-8a88-1cac81b51ed3,84dd7b1f-74e4-4d81-9a98-c10f5edaa210,"Employed Full-time",employment_status_001348,"","2026-02-18 08:09:13.540 +00:00","2026-02-18 08:09:13.540 +00:00"
190f0984-d33d-4f87-a3c6-6d1d487a0d88,84dd7b1f-74e4-4d81-9a98-c10f5edaa210,"Employed Part-time",employment_status_001349,"","2026-02-18 08:09:14.290 +00:00","2026-02-18 08:09:14.290 +00:00"
06f8531c-3da6-4d75-b22c-a6393b7313ed,84dd7b1f-74e4-4d81-9a98-c10f5edaa210,Self-employed,employment_status_001350,"","2026-02-18 08:09:15.089 +00:00","2026-02-18 08:09:15.089 +00:00"
ae1b235a-e539-44be-a2c5-80cf92f27ef4,84dd7b1f-74e4-4d81-9a98-c10f5edaa210,Unemployed,employment_status_001354,"","2026-02-18 08:09:15.792 +00:00","2026-02-18 08:09:15.792 +00:00"
4cb2750e-c4dc-4ebb-a89f-ac878f75f605,84dd7b1f-74e4-4d81-9a98-c10f5edaa210,Retired,employment_status_001356,"","2026-02-18 08:09:17.342 +00:00","2026-02-18 08:09:17.342 +00:00"
a047c81b-d253-4102-9931-2456941be6f9,84dd7b1f-74e4-4d81-9a98-c10f5edaa210,Other,employment_status_004323,"","2026-02-18 08:09:45.213 +00:00","2026-02-18 08:09:45.213 +00:00"
